{
  "marketing_stripe": {
    "text": "Frete Grátis nas compras acima de R$299",
    "link": "",
    "background": "#f8e8c3",
    "color": "#000000"
  },
  "contacts_stripe": {
    "pages": [],
    "phone_wpp": true,
    "socials": true
  },
  "categories_list": {
    "featured": [
      "/acessorios?Acessórios",
      "/bermuda-shorts?Bermuda/ Shorts",
      "/blusas?Blusas",
      "/calca?Calça",
      "/casacos-jaquetas?Casacos/ Jaquetas",
      "/conjuntos?Conjuntos",
      "/macacao?Macacão",
      "/macaquinho?Macaquinho",
      "/saia?Saia",
      "/vestidos?Vestidos"
    ],
    "random": 10,
    "full_width": true
  },
  "desktop_megamenu": false,
  "search_input": true,
  "alphabetical_order_submenu": true,
  "full_width_submenu": true,
  "centralized_logo": true
}