{
  "meta_title": "A Loja da Alice",
  "meta_description": "",
  "sections": [
    {
      "type": "banner-slider",
      "autoplay": 9000,
      "full_width": true,
      "slides": [
        {
          "start": "",
          "end": "",
          "img": "/img/uploads/copia-de-eu-jeans.jpg",
          "mobile_img": ""
        },
        {
          "start": "",
          "end": "",
          "img": "/img/uploads/alice-friday-.-alice-friday-alice-friday-.-alice-friday.-alice-friday-alice-friday-2-.jpg",
          "link": "https://alojadaalice.com.br/flair-"
        },
        {
          "start": "",
          "end": "",
          "img": "/img/uploads/alice-friday-.-alice-friday-alice-friday-.-alice-friday.-alice-friday-alice-friday-8-.jpg",
          "link": "https://chat.whatsapp.com/LBsfK1dslXxLUms2tapnmw"
        }
      ]
    },
    {
      "type": "info-bar",
      "enabled": true
    },
    {
      "page": 1,
      "title": "Coleção Flair ❀",
      "shuffle": true,
      "headless": false,
      "type": "collection-shelf",
      "link": "https://alojadaalice.com.br/flair-",
      "limit": 12,
      "collection_id": "65cec54987ab487fbfb997f1:collections:Flair ❀:/flair-",
      "sort": "views"
    },
    {
      "type": "collection-shelf",
      "shuffle": true,
      "limit": 12,
      "page": 1,
      "sort": "views",
      "collection_id": "65ea27ed87ab487fbfdaf962:collections:Produtos Populares:/produtos-populares",
      "title": "Mais vendidos"
    },
    {
      "type": "responsive-banner",
      "img": "/img/uploads/alice-friday-.-alice-friday-alice-friday-.-alice-friday.-alice-friday-alice-friday-3-.jpg",
      "mobile_img": "/img/uploads/alice-friday-.-alice-friday-alice-friday-.-alice-friday.-alice-friday-alice-friday-3-.jpg",
      "link": "https://alojadaalice.netlify.app/sale"
    },
    {
      "page": 1,
      "title": "Última chance",
      "shuffle": true,
      "headless": false,
      "type": "collection-shelf",
      "link": "https://alojadaalice.com.br/ultima-chance",
      "limit": 10,
      "collection_id": "65ea2f9c87ab487fbfdb062d:collections:Última chance:/ultima-chance",
      "sort": "views"
    },
    {
      "type": "custom-html",
      "html": "<script src=\"https://www.sowecms.com/demos/InstagramFeed/dist/InstagramFeed.min.js\"></script>\n<div id=\"instagram-feed\" class=\"instagram_feed\"></div>\n<script>\n    (function(){\n        new InstagramFeed({\n            'username': 'alojadaalice',\n            'container': document.getElementById(\"instagram-feed\"),\n            'display_profile': false,\n            'display_biography': false,\n            'display_igtv': false,\n            'display_gallery': true,\n            'get_raw_json': false,\n            'callback': null,\n            'styling': true,\n            'items': 6,\n            'items_per_row': 6,\n            'margin': 1\n        });\n    })();\n</script>"
    },
    {
      "type": "page-title",
      "title": "",
      "description": ""
    }
  ]
}